{
  "sample0": [
    0,
    1,
    0
  ],
  "sample1": [
    1,
    0,
    0,
    0.5345345,
    0.5345345,
    0.5345345,
    0.5345345,
    0.5345345,
    0.53453,
    0.5345345,
    0.5345345,
    0.5345345,
    0.5345345,
    1,
    0
  ]
}